filename,class_id
0000.jpg,49
0001.jpg,49
0002.jpg,49
0003.jpg,49
0004.jpg,49
0005.jpg,49
0006.jpg,49
0007.jpg,49
0008.jpg,49
0009.jpg,49
0010.jpg,49
0011.jpg,49
0012.jpg,49
0013.jpg,49
0014.jpg,49
0015.jpg,49
0016.jpg,49
0017.jpg,49
0018.jpg,49
0019.jpg,49
0020.jpg,49
0021.jpg,49
0022.jpg,49
0023.jpg,49
0024.jpg,49
0025.jpg,49
0026.jpg,49
0027.jpg,49
0028.jpg,49
0029.jpg,49
0030.jpg,49
0031.jpg,49
0032.jpg,49
0033.jpg,49
0034.jpg,49
0035.jpg,49
0036.jpg,49
0037.jpg,49
0038.jpg,49
0039.jpg,49
0040.jpg,49
0041.jpg,49
0042.jpg,49
0043.jpg,49
0044.jpg,49
0045.jpg,49
0046.jpg,49
0047.jpg,49
0048.jpg,49
0049.jpg,49
0050.jpg,49
0051.jpg,49
0052.jpg,49
0053.jpg,49
0054.jpg,49
0055.jpg,49
0056.jpg,49
0057.jpg,49
0058.jpg,49
0059.jpg,49
0060.jpg,49
0061.jpg,49
0062.jpg,49
0063.jpg,49
0064.jpg,49
0065.jpg,49
0066.jpg,49
0067.jpg,49
0068.jpg,49
0069.jpg,49
0070.jpg,49
0071.jpg,49
0072.jpg,49
0073.jpg,49
0074.jpg,49
0075.jpg,49
0076.jpg,49
0077.jpg,49
0078.jpg,49
0079.jpg,49
0080.jpg,49
0081.jpg,49
0082.jpg,49
0083.jpg,49
0084.jpg,49
0085.jpg,49
0086.jpg,49
0087.jpg,49
0088.jpg,49
0089.jpg,49
0090.jpg,49
0091.jpg,49
0092.jpg,49
0093.jpg,49
0094.jpg,49
0095.jpg,49
0096.jpg,49
0097.jpg,49
0098.jpg,49
0099.jpg,49
0100.jpg,49
0101.jpg,49
0102.jpg,49
0103.jpg,49
0104.jpg,49
0105.jpg,49
0106.jpg,49
0107.jpg,49
0108.jpg,49
0109.jpg,49
0110.jpg,49
0111.jpg,49
0112.jpg,49
0113.jpg,49
0114.jpg,49
0115.jpg,49
0116.jpg,49
0117.jpg,49
0118.jpg,49
0119.jpg,49
0120.jpg,49
0121.jpg,49
0122.jpg,49
0123.jpg,49
0124.jpg,49
0125.jpg,49
0126.jpg,49
0127.jpg,49
0128.jpg,49
0129.jpg,49
0130.jpg,49
0131.jpg,49
0132.jpg,49
0133.jpg,49
0134.jpg,49
0135.jpg,49
0136.jpg,49
0137.jpg,49
0138.jpg,49
0139.jpg,49
0140.jpg,49
0141.jpg,49
0142.jpg,49
0143.jpg,49
0144.jpg,49
0145.jpg,49
0146.jpg,49
0147.jpg,49
0148.jpg,49
0149.jpg,49
0150.jpg,49
0151.jpg,49
0152.jpg,49
0153.jpg,49
0154.jpg,49
0155.jpg,49
0156.jpg,49
0157.jpg,49
0158.jpg,49
0159.jpg,49
0160.jpg,49
0161.jpg,49
0162.jpg,49
0163.jpg,49
0164.jpg,49
0165.jpg,49
0166.jpg,49
0167.jpg,49
0168.jpg,49
0169.jpg,49
0170.jpg,49
0171.jpg,49
0172.jpg,49
0173.jpg,49
0174.jpg,49
0175.jpg,49
0176.jpg,49
0177.jpg,49
0178.jpg,49
0179.jpg,49
0180.jpg,49
0181.jpg,49
0182.jpg,49
0183.jpg,49
0184.jpg,49
0185.jpg,49
0186.jpg,49
0187.jpg,49
0188.jpg,49
0189.jpg,49
0190.jpg,49
0191.jpg,49
0192.jpg,49
0193.jpg,49
0194.jpg,49
0195.jpg,49
0196.jpg,49
0197.jpg,49
0198.jpg,49
0199.jpg,49
0200.jpg,49
0201.jpg,49
0202.jpg,49
0203.jpg,49
0204.jpg,49
0205.jpg,49
0206.jpg,49
0207.jpg,49
0208.jpg,49
0209.jpg,49
0210.jpg,49
0211.jpg,49
0212.jpg,49
0213.jpg,49
0214.jpg,49
0215.jpg,49
0216.jpg,49
0217.jpg,49
0218.jpg,49
0219.jpg,49
0220.jpg,49
0221.jpg,49
0222.jpg,49
0223.jpg,49
0224.jpg,49
0225.jpg,49
0226.jpg,49
0227.jpg,49
0228.jpg,49
0229.jpg,49
0230.jpg,49
0231.jpg,49
0232.jpg,49
0233.jpg,49
0234.jpg,49
0235.jpg,49
0236.jpg,49
0237.jpg,49
0238.jpg,49
0239.jpg,49
0240.jpg,49
0241.jpg,49
0242.jpg,49
0243.jpg,49
0244.jpg,49
0245.jpg,49
0246.jpg,49
0247.jpg,49
0248.jpg,49
0249.jpg,49
0250.jpg,49
0251.jpg,49
0252.jpg,49
0253.jpg,49
0254.jpg,49
0255.jpg,49
0256.jpg,49
0257.jpg,49
0258.jpg,49
0259.jpg,49
0260.jpg,49
0261.jpg,49
0262.jpg,49
0263.jpg,49
0264.jpg,49
0265.jpg,49
0266.jpg,49
0267.jpg,49
0268.jpg,49
0269.jpg,49
0270.jpg,49
0271.jpg,49
0272.jpg,49
0273.jpg,49
0274.jpg,49
0275.jpg,49
0276.jpg,49
0277.jpg,49
0278.jpg,49
0279.jpg,49
0280.jpg,49
0281.jpg,49
0282.jpg,49
0283.jpg,49
0284.jpg,49
0285.jpg,49
0286.jpg,49
0287.jpg,49
0288.jpg,49
0289.jpg,49
0290.jpg,49
0291.jpg,49
0292.jpg,49
0293.jpg,49
0294.jpg,49
0295.jpg,49
0296.jpg,49
0297.jpg,49
0298.jpg,49
0299.jpg,49
0300.jpg,49
0301.jpg,49
0302.jpg,49
0303.jpg,49
0304.jpg,49
0305.jpg,49
0306.jpg,49
0307.jpg,49
0308.jpg,49
0309.jpg,49
0310.jpg,49
0311.jpg,49
0312.jpg,49
0313.jpg,49
0314.jpg,49
0315.jpg,49
0316.jpg,49
0317.jpg,49
0318.jpg,49
0319.jpg,49
0320.jpg,49
0321.jpg,49
0322.jpg,49
0323.jpg,49
0324.jpg,49
0325.jpg,49
0326.jpg,49
0327.jpg,49
0328.jpg,49
0329.jpg,49
0330.jpg,49
0331.jpg,49
0332.jpg,49
0333.jpg,49
0334.jpg,49
0335.jpg,49
0336.jpg,49
0337.jpg,49
0338.jpg,49
0339.jpg,49
0340.jpg,49
0341.jpg,49
0342.jpg,49
0343.jpg,49
0344.jpg,49
0345.jpg,49
0346.jpg,49
0347.jpg,49
0348.jpg,49
0349.jpg,49
0350.jpg,49
0351.jpg,49
0352.jpg,49
0353.jpg,49
0354.jpg,49
0355.jpg,49
0356.jpg,49
0357.jpg,49
0358.jpg,49
0359.jpg,49
0360.jpg,49
0361.jpg,49
0362.jpg,49
0363.jpg,49
0364.jpg,49
0365.jpg,49
0366.jpg,49
0367.jpg,49
0368.jpg,49
0369.jpg,49
0370.jpg,49
0371.jpg,49
0372.jpg,49
0373.jpg,49
0374.jpg,49
0375.jpg,49
0376.jpg,49
0377.jpg,49
0378.jpg,49
0379.jpg,49
0380.jpg,49
0381.jpg,49
0382.jpg,49
0383.jpg,49
0384.jpg,49
0385.jpg,49
0386.jpg,49
0387.jpg,49
0388.jpg,49
0389.jpg,49
0390.jpg,49
0391.jpg,49
0392.jpg,49
0393.jpg,49
0394.jpg,49
0395.jpg,49
0396.jpg,49
0397.jpg,49
0398.jpg,49
0399.jpg,49
0400.jpg,49
0401.jpg,49
0402.jpg,49
0403.jpg,49
0404.jpg,49
0405.jpg,49
0406.jpg,49
0407.jpg,49
0408.jpg,49
0409.jpg,49
0410.jpg,49
0411.jpg,49
0412.jpg,49
0413.jpg,49
0414.jpg,49
0415.jpg,49
0416.jpg,49
0417.jpg,49
0418.jpg,49
0419.jpg,49
0420.jpg,49
0421.jpg,49
0422.jpg,49
0423.jpg,49
0424.jpg,49
0425.jpg,49
0426.jpg,49
0427.jpg,49
0428.jpg,49
0429.jpg,49
0430.jpg,49
0431.jpg,49
0432.jpg,49
0433.jpg,49
0434.jpg,49
0435.jpg,49
0436.jpg,49
0437.jpg,49
0438.jpg,49
0439.jpg,49
0440.jpg,49
0441.jpg,49
0442.jpg,49
0443.jpg,49
0444.jpg,49
0445.jpg,49
0446.jpg,49
0447.jpg,49
0448.jpg,49
0449.jpg,49
0450.jpg,49
0451.jpg,49
0452.jpg,49
0453.jpg,49
0454.jpg,49
0455.jpg,49
0456.jpg,49
0457.jpg,49
0458.jpg,49
0459.jpg,49
0460.jpg,49
0461.jpg,49
0462.jpg,49
0463.jpg,49
0464.jpg,49
0465.jpg,49
0466.jpg,49
0467.jpg,49
0468.jpg,49
0469.jpg,49
0470.jpg,49
0471.jpg,49
0472.jpg,49
0473.jpg,49
0474.jpg,49
0475.jpg,49
0476.jpg,49
0477.jpg,49
0478.jpg,49
0479.jpg,49
0480.jpg,49
0481.jpg,49
0482.jpg,49
0483.jpg,49
0484.jpg,49
0485.jpg,49
0486.jpg,49
0487.jpg,49
0488.jpg,49
0489.jpg,49
0490.jpg,49
0491.jpg,49
0492.jpg,49
0493.jpg,49
0494.jpg,49
0495.jpg,49
0496.jpg,49
0497.jpg,49
0498.jpg,49
0499.jpg,49
0500.jpg,49
0501.jpg,49
0502.jpg,49
0503.jpg,49
0504.jpg,49
0505.jpg,49
0506.jpg,49
0507.jpg,49
0508.jpg,49
0509.jpg,49
0510.jpg,49
0511.jpg,49
0512.jpg,49
0513.jpg,49
0514.jpg,49
0515.jpg,49
0516.jpg,49
0517.jpg,49
0518.jpg,49
0519.jpg,49
0520.jpg,49
0521.jpg,49
0522.jpg,49
0523.jpg,49
0524.jpg,49
0525.jpg,49
0526.jpg,49
0527.jpg,49
0528.jpg,49
0529.jpg,49
0530.jpg,49
0531.jpg,49
0532.jpg,49
0533.jpg,49
0534.jpg,49
0535.jpg,49
0536.jpg,49
0537.jpg,49
0538.jpg,49
0539.jpg,49
0540.jpg,49
0541.jpg,49
0542.jpg,49
0543.jpg,49
0544.jpg,49
0545.jpg,49
0546.jpg,49
0547.jpg,49
0548.jpg,49
0549.jpg,49
0550.jpg,49
0551.jpg,49
0552.jpg,49
0553.jpg,49
0554.jpg,49
0555.jpg,49
0556.jpg,49
0557.jpg,49
0558.jpg,49
0559.jpg,49
0560.jpg,49
0561.jpg,49
0562.jpg,49
0563.jpg,49
0564.jpg,49
0565.jpg,49
0566.jpg,49
0567.jpg,49
0568.jpg,49
0569.jpg,49
0570.jpg,49
0571.jpg,49
0572.jpg,49
0573.jpg,49
0574.jpg,49
0575.jpg,49
0576.jpg,49
0577.jpg,49
0578.jpg,49
0579.jpg,49
0580.jpg,49
0581.jpg,49
0582.jpg,49
0583.jpg,49
0584.jpg,49
0585.jpg,49
0586.jpg,49
0587.jpg,49
0588.jpg,49
0589.jpg,49
0590.jpg,49
0591.jpg,49
0592.jpg,49
0593.jpg,49
0594.jpg,49
0595.jpg,49
0596.jpg,49
0597.jpg,49
0598.jpg,49
0599.jpg,49
0600.jpg,49
0601.jpg,49
0602.jpg,49
0603.jpg,49
0604.jpg,49
0605.jpg,49
0606.jpg,49
0607.jpg,49
0608.jpg,49
0609.jpg,49
0610.jpg,49
0611.jpg,49
0612.jpg,49
0613.jpg,49
0614.jpg,49
0615.jpg,49
0616.jpg,49
0617.jpg,49
0618.jpg,49
0619.jpg,49
0620.jpg,49
0621.jpg,49
0622.jpg,49
0623.jpg,49
0624.jpg,49
0625.jpg,49
0626.jpg,49
0627.jpg,49
0628.jpg,49
0629.jpg,49
0630.jpg,49
0631.jpg,49
0632.jpg,49
0633.jpg,49
0634.jpg,49
0635.jpg,49
0636.jpg,49
0637.jpg,49
0638.jpg,49
0639.jpg,49
0640.jpg,49
0641.jpg,49
0642.jpg,49
0643.jpg,49
0644.jpg,49
0645.jpg,49
0646.jpg,49
0647.jpg,49
0648.jpg,49
0649.jpg,49
0650.jpg,49
0651.jpg,49
0652.jpg,49
0653.jpg,49
0654.jpg,49
0655.jpg,49
0656.jpg,49
0657.jpg,49
0658.jpg,49
0659.jpg,49
0660.jpg,49
0661.jpg,49
0662.jpg,49
0663.jpg,49
0664.jpg,49
0665.jpg,49
0666.jpg,49
0667.jpg,49
0668.jpg,49
0669.jpg,49
0670.jpg,49
0671.jpg,49
0672.jpg,49
0673.jpg,49
0674.jpg,49
0675.jpg,49
0676.jpg,49
0677.jpg,49
0678.jpg,49
0679.jpg,49
0680.jpg,49
0681.jpg,49
0682.jpg,49
0683.jpg,49
0684.jpg,49
0685.jpg,49
0686.jpg,49
0687.jpg,49
0688.jpg,49
0689.jpg,49
0690.jpg,49
0691.jpg,49
0692.jpg,49
0693.jpg,49
0694.jpg,49
0695.jpg,49
0696.jpg,49
0697.jpg,49
0698.jpg,49
0699.jpg,49
0700.jpg,49
0701.jpg,49
0702.jpg,49
0703.jpg,49
0704.jpg,49
0705.jpg,49
0706.jpg,49
0707.jpg,49
0708.jpg,49
0709.jpg,49
0710.jpg,49
0711.jpg,49
0712.jpg,49
0713.jpg,49
0714.jpg,49
0715.jpg,49
0716.jpg,49
0717.jpg,49
0718.jpg,49
0719.jpg,49
0720.jpg,49
0721.jpg,49
0722.jpg,49
0723.jpg,49
0724.jpg,49
0725.jpg,49
0726.jpg,49
0727.jpg,49
0728.jpg,49
0729.jpg,49
0730.jpg,49
0731.jpg,49
0732.jpg,49
0733.jpg,49
0734.jpg,49
0735.jpg,49
0736.jpg,49
0737.jpg,49
0738.jpg,49
0739.jpg,49
0740.jpg,49
0741.jpg,49
0742.jpg,49
0743.jpg,49
0744.jpg,49
0745.jpg,49
0746.jpg,49
0747.jpg,49
0748.jpg,49
0749.jpg,49
0750.jpg,49
0751.jpg,49
0752.jpg,49
0753.jpg,49
0754.jpg,49
0755.jpg,49
0756.jpg,49
0757.jpg,49
0758.jpg,49
0759.jpg,49
0760.jpg,49
0761.jpg,49
0762.jpg,49
0763.jpg,49
0764.jpg,49
0765.jpg,49
0766.jpg,49
0767.jpg,49
0768.jpg,49
0769.jpg,49
0770.jpg,49
0771.jpg,49
0772.jpg,49
0773.jpg,49
0774.jpg,49
0775.jpg,49
0776.jpg,49
0777.jpg,49
0778.jpg,49
0779.jpg,49
0780.jpg,49
0781.jpg,49
0782.jpg,49
0783.jpg,49
0784.jpg,49
0785.jpg,49
0786.jpg,49
0787.jpg,49
0788.jpg,49
0789.jpg,49
0790.jpg,49
0791.jpg,49
0792.jpg,49
0793.jpg,49
0794.jpg,49
0795.jpg,49
0796.jpg,49
0797.jpg,49
0798.jpg,49
0799.jpg,49
0800.jpg,49
0801.jpg,49
0802.jpg,49
0803.jpg,49
0804.jpg,49
0805.jpg,49
0806.jpg,49
0807.jpg,49
0808.jpg,49
0809.jpg,49
0810.jpg,49
0811.jpg,49
0812.jpg,49
0813.jpg,49
0814.jpg,49
0815.jpg,49
0816.jpg,49
0817.jpg,49
0818.jpg,49
0819.jpg,49
0820.jpg,49
0821.jpg,49
0822.jpg,49
0823.jpg,49
0824.jpg,49
0825.jpg,49
0826.jpg,49
0827.jpg,49
0828.jpg,49
0829.jpg,49
0830.jpg,49
0831.jpg,49
0832.jpg,49
0833.jpg,49
0834.jpg,49
0835.jpg,49
0836.jpg,49
0837.jpg,49
0838.jpg,49
0839.jpg,49
0840.jpg,49
0841.jpg,49
0842.jpg,49
0843.jpg,49
0844.jpg,49
0845.jpg,49
0846.jpg,49
0847.jpg,49
0848.jpg,49
0849.jpg,49
0850.jpg,49
0851.jpg,49
0852.jpg,49
0853.jpg,49
0854.jpg,49
0855.jpg,49
0856.jpg,49
0857.jpg,49
0858.jpg,49
0859.jpg,49
0860.jpg,49
0861.jpg,49
0862.jpg,49
0863.jpg,49
0864.jpg,49
0865.jpg,49
0866.jpg,49
0867.jpg,49
0868.jpg,49
0869.jpg,49
0870.jpg,49
0871.jpg,49
0872.jpg,49
0873.jpg,49
0874.jpg,49
0875.jpg,49
0876.jpg,49
0877.jpg,49
0878.jpg,49
0879.jpg,49
0880.jpg,49
0881.jpg,49
0882.jpg,49
0883.jpg,49
0884.jpg,49
0885.jpg,49
0886.jpg,49
0887.jpg,49
0888.jpg,49
0889.jpg,49
0890.jpg,49
0891.jpg,49
0892.jpg,49
0893.jpg,49
0894.jpg,49
0895.jpg,49
0896.jpg,49
0897.jpg,49
0898.jpg,49
0899.jpg,49
0900.jpg,49
0901.jpg,49
0902.jpg,49
0903.jpg,49
0904.jpg,49
0905.jpg,49
0906.jpg,49
0907.jpg,49
0908.jpg,49
0909.jpg,49
0910.jpg,49
0911.jpg,49
0912.jpg,49
0913.jpg,49
0914.jpg,49
0915.jpg,49
0916.jpg,49
0917.jpg,49
0918.jpg,49
0919.jpg,49
0920.jpg,49
0921.jpg,49
0922.jpg,49
0923.jpg,49
0924.jpg,49
0925.jpg,49
0926.jpg,49
0927.jpg,49
0928.jpg,49
0929.jpg,49
0930.jpg,49
0931.jpg,49
0932.jpg,49
0933.jpg,49
0934.jpg,49
0935.jpg,49
0936.jpg,49
0937.jpg,49
0938.jpg,49
0939.jpg,49
0940.jpg,49
0941.jpg,49
0942.jpg,49
0943.jpg,49
0944.jpg,49
0945.jpg,49
0946.jpg,49
0947.jpg,49
0948.jpg,49
0949.jpg,49
0950.jpg,49
0951.jpg,49
0952.jpg,49
0953.jpg,49
0954.jpg,49
0955.jpg,49
0956.jpg,49
0957.jpg,49
0958.jpg,49
0959.jpg,49
0960.jpg,49
0961.jpg,49
0962.jpg,49
0963.jpg,49
0964.jpg,49
0965.jpg,49
0966.jpg,49
0967.jpg,49
0968.jpg,49
0969.jpg,49
0970.jpg,49
0971.jpg,49
0972.jpg,49
0973.jpg,49
0974.jpg,49
0975.jpg,49
0976.jpg,49
0977.jpg,49
0978.jpg,49
0979.jpg,49
0980.jpg,49
0981.jpg,49
0982.jpg,49
0983.jpg,49
0984.jpg,49
0985.jpg,49
0986.jpg,49
0987.jpg,49
0988.jpg,49
0989.jpg,49
0990.jpg,49
0991.jpg,49
0992.jpg,49
0993.jpg,49
0994.jpg,49
0995.jpg,49
0996.jpg,49
0997.jpg,49
0998.jpg,49
0999.jpg,49
1000.jpg,49
1001.jpg,49
1002.jpg,49
1003.jpg,49
1004.jpg,49
1005.jpg,49
1006.jpg,49
1007.jpg,49
1008.jpg,49
1009.jpg,49
1010.jpg,49
1011.jpg,49
1012.jpg,49
1013.jpg,49
1014.jpg,49
1015.jpg,49
1016.jpg,49
1017.jpg,49
1018.jpg,49
1019.jpg,49
1020.jpg,49
1021.jpg,49
1022.jpg,49
1023.jpg,49
1024.jpg,49
1025.jpg,49
1026.jpg,49
1027.jpg,49
1028.jpg,49
1029.jpg,49
1030.jpg,49
1031.jpg,49
1032.jpg,49
1033.jpg,49
1034.jpg,49
1035.jpg,49
1036.jpg,49
1037.jpg,49
1038.jpg,49
1039.jpg,49
1040.jpg,49
1041.jpg,49
1042.jpg,49
1043.jpg,49
1044.jpg,49
1045.jpg,49
1046.jpg,49
1047.jpg,49
1048.jpg,49
1049.jpg,49
1050.jpg,49
1051.jpg,49
1052.jpg,49
1053.jpg,49
1054.jpg,49
1055.jpg,49
1056.jpg,49
1057.jpg,49
1058.jpg,49
1059.jpg,49
1060.jpg,49
1061.jpg,49
1062.jpg,49
1063.jpg,49
1064.jpg,49
1065.jpg,49
1066.jpg,49
1067.jpg,49
1068.jpg,49
1069.jpg,49
1070.jpg,49
1071.jpg,49
1072.jpg,49
1073.jpg,49
1074.jpg,49
1075.jpg,49
1076.jpg,49
1077.jpg,49
1078.jpg,49
1079.jpg,49
1080.jpg,49
1081.jpg,49
1082.jpg,49
1083.jpg,49
1084.jpg,49
1085.jpg,49
1086.jpg,49
1087.jpg,49
1088.jpg,49
1089.jpg,49
1090.jpg,49
1091.jpg,49
1092.jpg,49
1093.jpg,49
1094.jpg,49
1095.jpg,49
1096.jpg,49
1097.jpg,49
1098.jpg,49
1099.jpg,49
1100.jpg,49
1101.jpg,49
1102.jpg,49
1103.jpg,49
1104.jpg,49
1105.jpg,49
1106.jpg,49
1107.jpg,49
1108.jpg,49
1109.jpg,49
1110.jpg,49
1111.jpg,49
1112.jpg,49
1113.jpg,49
1114.jpg,49
1115.jpg,49
1116.jpg,49
1117.jpg,49
1118.jpg,49
1119.jpg,49
1120.jpg,49
1121.jpg,49
1122.jpg,49
1123.jpg,49
1124.jpg,49
1125.jpg,49
1126.jpg,49
1127.jpg,49
1128.jpg,49
1129.jpg,49
1130.jpg,49
1131.jpg,49
1132.jpg,49
1133.jpg,49
1134.jpg,49
1135.jpg,49
1136.jpg,49
1137.jpg,49
1138.jpg,49
1139.jpg,49
1140.jpg,49
1141.jpg,49
1142.jpg,49
1143.jpg,49
1144.jpg,49
1145.jpg,49
1146.jpg,49
1147.jpg,49
1148.jpg,49
1149.jpg,49
1150.jpg,49
1151.jpg,49
1152.jpg,49
1153.jpg,49
1154.jpg,49
1155.jpg,49
1156.jpg,49
1157.jpg,49
1158.jpg,49
1159.jpg,49
1160.jpg,49
1161.jpg,49
1162.jpg,49
1163.jpg,49
1164.jpg,49
1165.jpg,49
1166.jpg,49
1167.jpg,49
1168.jpg,49
1169.jpg,49
1170.jpg,49
1171.jpg,49
1172.jpg,49
1173.jpg,49
1174.jpg,49
1175.jpg,49
1176.jpg,49
1177.jpg,49
1178.jpg,49
1179.jpg,49
1180.jpg,49
1181.jpg,49
1182.jpg,49
1183.jpg,49
1184.jpg,49
1185.jpg,49
1186.jpg,49
1187.jpg,49
1188.jpg,49
1189.jpg,49
1190.jpg,49
1191.jpg,49
1192.jpg,49
1193.jpg,49
1194.jpg,49
1195.jpg,49
1196.jpg,49
1197.jpg,49
1198.jpg,49
1199.jpg,49
1200.jpg,49
1201.jpg,49
1202.jpg,49
1203.jpg,49
1204.jpg,49
1205.jpg,49
1206.jpg,49
1207.jpg,49
1208.jpg,49
1209.jpg,49
1210.jpg,49
1211.jpg,49
1212.jpg,49
1213.jpg,49
1214.jpg,49
1215.jpg,49
1216.jpg,49
1217.jpg,49
1218.jpg,49
1219.jpg,49
1220.jpg,49
1221.jpg,49
1222.jpg,49
1223.jpg,49
1224.jpg,49
1225.jpg,49
1226.jpg,49
1227.jpg,49
1228.jpg,49
1229.jpg,49
1230.jpg,49
1231.jpg,49
1232.jpg,49
1233.jpg,49
1234.jpg,49
1235.jpg,49
1236.jpg,49
1237.jpg,49
1238.jpg,49
1239.jpg,49
1240.jpg,49
1241.jpg,49
1242.jpg,49
1243.jpg,49
1244.jpg,49
1245.jpg,49
1246.jpg,49
1247.jpg,49
1248.jpg,49
1249.jpg,49
1250.jpg,49
1251.jpg,49
1252.jpg,49
1253.jpg,49
1254.jpg,49
1255.jpg,49
1256.jpg,49
1257.jpg,49
1258.jpg,49
1259.jpg,49
1260.jpg,49
1261.jpg,49
1262.jpg,49
1263.jpg,49
1264.jpg,49
1265.jpg,49
1266.jpg,49
1267.jpg,49
1268.jpg,49
1269.jpg,49
1270.jpg,49
1271.jpg,49
1272.jpg,49
1273.jpg,49
1274.jpg,49
1275.jpg,49
1276.jpg,49
1277.jpg,49
1278.jpg,49
1279.jpg,49
1280.jpg,49
1281.jpg,49
1282.jpg,49
1283.jpg,49
1284.jpg,49
1285.jpg,49
1286.jpg,49
1287.jpg,49
1288.jpg,49
1289.jpg,49
1290.jpg,49
1291.jpg,49
1292.jpg,49
1293.jpg,49
1294.jpg,49
1295.jpg,49
1296.jpg,49
1297.jpg,49
1298.jpg,49
1299.jpg,49
1300.jpg,49
1301.jpg,49
1302.jpg,49
1303.jpg,49
1304.jpg,49
1305.jpg,49
1306.jpg,49
1307.jpg,49
1308.jpg,49
1309.jpg,49
1310.jpg,49
1311.jpg,49
1312.jpg,49
1313.jpg,49
1314.jpg,49
1315.jpg,49
1316.jpg,49
1317.jpg,49
1318.jpg,49
1319.jpg,49
1320.jpg,49
1321.jpg,49
1322.jpg,49
1323.jpg,49
1324.jpg,49
1325.jpg,49
1326.jpg,49
1327.jpg,49
1328.jpg,49
1329.jpg,49
1330.jpg,49
1331.jpg,49
1332.jpg,49
1333.jpg,49
1334.jpg,49
1335.jpg,49
1336.jpg,49
1337.jpg,49
1338.jpg,49
1339.jpg,49
1340.jpg,49
1341.jpg,49
1342.jpg,49
1343.jpg,49
1344.jpg,49
1345.jpg,49
1346.jpg,49
1347.jpg,49
1348.jpg,49
1349.jpg,49
1350.jpg,49
1351.jpg,49
1352.jpg,49
1353.jpg,49
1354.jpg,49
1355.jpg,49
1356.jpg,49
1357.jpg,49
1358.jpg,49
1359.jpg,49
1360.jpg,49
1361.jpg,49
1362.jpg,49
1363.jpg,49
1364.jpg,49
1365.jpg,49
1366.jpg,49
1367.jpg,49
1368.jpg,49
1369.jpg,49
1370.jpg,49
1371.jpg,49
1372.jpg,49
1373.jpg,49
1374.jpg,49
1375.jpg,49
1376.jpg,49
1377.jpg,49
1378.jpg,49
1379.jpg,49
1380.jpg,49
1381.jpg,49
1382.jpg,49
1383.jpg,49
1384.jpg,49
1385.jpg,49
1386.jpg,49
1387.jpg,49
1388.jpg,49
1389.jpg,49
1390.jpg,49
1391.jpg,49
1392.jpg,49
1393.jpg,49
1394.jpg,49
1395.jpg,49
1396.jpg,49
1397.jpg,49
1398.jpg,49
1399.jpg,49
1400.jpg,49
1401.jpg,49
1402.jpg,49
1403.jpg,49
1404.jpg,49
1405.jpg,49
1406.jpg,49
1407.jpg,49
1408.jpg,49
1409.jpg,49
1410.jpg,49
1411.jpg,49
1412.jpg,49
1413.jpg,49
1414.jpg,49
1415.jpg,49
1416.jpg,49
1417.jpg,49
1418.jpg,49
1419.jpg,49
1420.jpg,49
1421.jpg,49
1422.jpg,49
1423.jpg,49
1424.jpg,49
1425.jpg,49
1426.jpg,49
1427.jpg,49
1428.jpg,49
1429.jpg,49
1430.jpg,49
1431.jpg,49
1432.jpg,49
1433.jpg,49
1434.jpg,49
1435.jpg,49
1436.jpg,49
1437.jpg,49
1438.jpg,49
1439.jpg,49
1440.jpg,49
1441.jpg,49
1442.jpg,49
1443.jpg,49
1444.jpg,49
1445.jpg,49
1446.jpg,49
1447.jpg,49
1448.jpg,49
1449.jpg,49
1450.jpg,49
1451.jpg,49
1452.jpg,49
1453.jpg,49
1454.jpg,49
1455.jpg,49
1456.jpg,49
1457.jpg,49
1458.jpg,49
1459.jpg,49
1460.jpg,49
1461.jpg,49
1462.jpg,49
1463.jpg,49
1464.jpg,49
1465.jpg,49
1466.jpg,49
1467.jpg,49
1468.jpg,49
1469.jpg,49
1470.jpg,49
1471.jpg,49
1472.jpg,49
1473.jpg,49
1474.jpg,49
1475.jpg,49
1476.jpg,49
1477.jpg,49
1478.jpg,49
1479.jpg,49
1480.jpg,49
1481.jpg,49
1482.jpg,49
1483.jpg,49
1484.jpg,49
1485.jpg,49
1486.jpg,49
1487.jpg,49
1488.jpg,49
1489.jpg,49
1490.jpg,49
1491.jpg,49
1492.jpg,49
1493.jpg,49
1494.jpg,49
1495.jpg,49
1496.jpg,49
1497.jpg,49
1498.jpg,49
1499.jpg,49
1500.jpg,49
1501.jpg,49
1502.jpg,49
1503.jpg,49
1504.jpg,49
1505.jpg,49
1506.jpg,49
1507.jpg,49
1508.jpg,49
1509.jpg,49
1510.jpg,49
1511.jpg,49
1512.jpg,49
1513.jpg,49
1514.jpg,49
1515.jpg,49
1516.jpg,49
1517.jpg,49
1518.jpg,49
1519.jpg,49
1520.jpg,49
1521.jpg,49
1522.jpg,49
1523.jpg,49
1524.jpg,49
1525.jpg,49
1526.jpg,49
1527.jpg,49
1528.jpg,49
1529.jpg,49
1530.jpg,49
1531.jpg,49
1532.jpg,49
1533.jpg,49
1534.jpg,49
1535.jpg,49
1536.jpg,49
1537.jpg,49
1538.jpg,49
1539.jpg,49
1540.jpg,49
1541.jpg,49
1542.jpg,49
1543.jpg,49
1544.jpg,49
1545.jpg,49
1546.jpg,49
1547.jpg,49
1548.jpg,49
1549.jpg,49
1550.jpg,49
1551.jpg,49
1552.jpg,49
1553.jpg,49
1554.jpg,49
1555.jpg,49
1556.jpg,49
1557.jpg,49
1558.jpg,49
1559.jpg,49
1560.jpg,49
1561.jpg,49
1562.jpg,49
1563.jpg,49
1564.jpg,49
1565.jpg,49
1566.jpg,49
1567.jpg,49
1568.jpg,49
1569.jpg,49
1570.jpg,49
1571.jpg,49
1572.jpg,49
1573.jpg,49
1574.jpg,49
1575.jpg,49
1576.jpg,49
1577.jpg,49
1578.jpg,49
1579.jpg,49
1580.jpg,49
1581.jpg,49
1582.jpg,49
1583.jpg,49
1584.jpg,49
1585.jpg,49
1586.jpg,49
1587.jpg,49
1588.jpg,49
1589.jpg,49
1590.jpg,49
1591.jpg,49
1592.jpg,49
1593.jpg,49
1594.jpg,49
1595.jpg,49
1596.jpg,49
1597.jpg,49
1598.jpg,49
1599.jpg,49
1600.jpg,49
1601.jpg,49
1602.jpg,49
1603.jpg,49
1604.jpg,49
1605.jpg,49
1606.jpg,49
1607.jpg,49
1608.jpg,49
1609.jpg,49
1610.jpg,49
1611.jpg,49
1612.jpg,49
1613.jpg,49
1614.jpg,49
1615.jpg,49
1616.jpg,49
1617.jpg,49
1618.jpg,49
1619.jpg,49
1620.jpg,49
1621.jpg,49
1622.jpg,49
1623.jpg,49
1624.jpg,49
1625.jpg,49
1626.jpg,49
1627.jpg,49
1628.jpg,49
1629.jpg,49
1630.jpg,49
1631.jpg,49
1632.jpg,49
1633.jpg,49
1634.jpg,49
1635.jpg,49
1636.jpg,49
1637.jpg,49
1638.jpg,49
1639.jpg,49
1640.jpg,49
1641.jpg,49
1642.jpg,49
1643.jpg,49
1644.jpg,49
1645.jpg,49
1646.jpg,49
1647.jpg,49
1648.jpg,49
1649.jpg,49
1650.jpg,49
1651.jpg,49
1652.jpg,49
1653.jpg,49
1654.jpg,49
1655.jpg,49
1656.jpg,49
1657.jpg,49
1658.jpg,49
1659.jpg,49
1660.jpg,49
1661.jpg,49
1662.jpg,49
1663.jpg,49
1664.jpg,49
1665.jpg,49
1666.jpg,49
1667.jpg,49
1668.jpg,49
1669.jpg,49
1670.jpg,49
1671.jpg,49
1672.jpg,49
1673.jpg,49
1674.jpg,49
1675.jpg,49
1676.jpg,49
1677.jpg,49
1678.jpg,49
1679.jpg,49
1680.jpg,49
1681.jpg,49
1682.jpg,49
1683.jpg,49
1684.jpg,49
1685.jpg,49
1686.jpg,49
1687.jpg,49
1688.jpg,49
1689.jpg,49
1690.jpg,49
1691.jpg,49
1692.jpg,49
1693.jpg,49
1694.jpg,49
1695.jpg,49
1696.jpg,49
1697.jpg,49
1698.jpg,49
1699.jpg,49
1700.jpg,49
1701.jpg,49
1702.jpg,49
1703.jpg,49
1704.jpg,49
1705.jpg,49
1706.jpg,49
1707.jpg,49
1708.jpg,49
1709.jpg,49
1710.jpg,49
1711.jpg,49
1712.jpg,49
1713.jpg,49
1714.jpg,49
1715.jpg,49
1716.jpg,49
1717.jpg,49
1718.jpg,49
1719.jpg,49
1720.jpg,49
1721.jpg,49
1722.jpg,49
1723.jpg,49
1724.jpg,49
1725.jpg,49
1726.jpg,49
1727.jpg,49
1728.jpg,49
1729.jpg,49
1730.jpg,49
1731.jpg,49
1732.jpg,49
1733.jpg,49
1734.jpg,49
1735.jpg,49
1736.jpg,49
1737.jpg,49
1738.jpg,49
1739.jpg,49
1740.jpg,49
1741.jpg,49
1742.jpg,49
1743.jpg,49
1744.jpg,49
1745.jpg,49
1746.jpg,49
1747.jpg,49
1748.jpg,49
1749.jpg,49
1750.jpg,49
1751.jpg,49
1752.jpg,49
1753.jpg,49
1754.jpg,49
1755.jpg,49
1756.jpg,49
1757.jpg,49
1758.jpg,49
1759.jpg,49
1760.jpg,49
1761.jpg,49
1762.jpg,49
1763.jpg,49
1764.jpg,49
1765.jpg,49
1766.jpg,49
1767.jpg,49
1768.jpg,49
1769.jpg,49
1770.jpg,49
1771.jpg,49
1772.jpg,49
1773.jpg,49
1774.jpg,49
1775.jpg,49
1776.jpg,49
1777.jpg,49
1778.jpg,49
1779.jpg,49
1780.jpg,49
1781.jpg,49
1782.jpg,49
1783.jpg,49
1784.jpg,49
1785.jpg,49
1786.jpg,49
1787.jpg,49
1788.jpg,49
1789.jpg,49
1790.jpg,49
1791.jpg,49
1792.jpg,49
1793.jpg,49
1794.jpg,49
1795.jpg,49
1796.jpg,49
1797.jpg,49
1798.jpg,49
1799.jpg,49
1800.jpg,49
1801.jpg,49
1802.jpg,49
1803.jpg,49
1804.jpg,49
1805.jpg,49
1806.jpg,49
1807.jpg,49
1808.jpg,49
1809.jpg,49
1810.jpg,49
1811.jpg,49
1812.jpg,49
1813.jpg,49
1814.jpg,49
1815.jpg,49
1816.jpg,49
1817.jpg,49
1818.jpg,49
1819.jpg,49
1820.jpg,49
1821.jpg,49
1822.jpg,49
1823.jpg,49
1824.jpg,49
1825.jpg,49
1826.jpg,49
1827.jpg,49
1828.jpg,49
1829.jpg,49
1830.jpg,49
1831.jpg,49
1832.jpg,49
1833.jpg,49
1834.jpg,49
1835.jpg,49
1836.jpg,49
1837.jpg,49
1838.jpg,49
1839.jpg,49
1840.jpg,49
1841.jpg,49
1842.jpg,49
1843.jpg,49
1844.jpg,49
1845.jpg,49
1846.jpg,49
1847.jpg,49
1848.jpg,49
1849.jpg,49
1850.jpg,49
1851.jpg,49
1852.jpg,49
1853.jpg,49
1854.jpg,49
1855.jpg,49
1856.jpg,49
1857.jpg,49
1858.jpg,49
1859.jpg,49
1860.jpg,49
1861.jpg,49
1862.jpg,49
1863.jpg,49
1864.jpg,49
1865.jpg,49
1866.jpg,49
1867.jpg,49
1868.jpg,49
1869.jpg,49
1870.jpg,49
1871.jpg,49
1872.jpg,49
1873.jpg,49
1874.jpg,49
1875.jpg,49
1876.jpg,49
1877.jpg,49
1878.jpg,49
1879.jpg,49
1880.jpg,49
1881.jpg,49
1882.jpg,49
1883.jpg,49
1884.jpg,49
1885.jpg,49
1886.jpg,49
1887.jpg,49
1888.jpg,49
1889.jpg,49
1890.jpg,49
1891.jpg,49
1892.jpg,49
1893.jpg,49
1894.jpg,49
1895.jpg,49
1896.jpg,49
1897.jpg,49
1898.jpg,49
1899.jpg,49
1900.jpg,49
1901.jpg,49
1902.jpg,49
1903.jpg,49
1904.jpg,49
1905.jpg,49
1906.jpg,49
1907.jpg,49
1908.jpg,49
1909.jpg,49
1910.jpg,49
1911.jpg,49
1912.jpg,49
1913.jpg,49
1914.jpg,49
1915.jpg,49
1916.jpg,49
1917.jpg,49
1918.jpg,49
1919.jpg,49
1920.jpg,49
1921.jpg,49
1922.jpg,49
1923.jpg,49
1924.jpg,49
1925.jpg,49
1926.jpg,49
1927.jpg,49
1928.jpg,49
1929.jpg,49
1930.jpg,49
1931.jpg,49
1932.jpg,49
1933.jpg,49
1934.jpg,49
1935.jpg,49
1936.jpg,49
1937.jpg,49
1938.jpg,49
1939.jpg,49
1940.jpg,49
1941.jpg,49
1942.jpg,49
1943.jpg,49
1944.jpg,49
1945.jpg,49
1946.jpg,49
1947.jpg,49
1948.jpg,49
1949.jpg,49
1950.jpg,49
1951.jpg,49
1952.jpg,49
1953.jpg,49
1954.jpg,49
1955.jpg,49
1956.jpg,49
1957.jpg,49
1958.jpg,49
1959.jpg,49
1960.jpg,49
1961.jpg,49
1962.jpg,49
1963.jpg,49
1964.jpg,49
1965.jpg,49
1966.jpg,49
1967.jpg,49
1968.jpg,49
1969.jpg,49
1970.jpg,49
1971.jpg,49
1972.jpg,49
1973.jpg,49
1974.jpg,49
1975.jpg,49
1976.jpg,49
1977.jpg,49
1978.jpg,49
1979.jpg,49
1980.jpg,49
1981.jpg,49
1982.jpg,49
1983.jpg,49
1984.jpg,49
1985.jpg,49
1986.jpg,49
1987.jpg,49
1988.jpg,49
1989.jpg,49
1990.jpg,49
1991.jpg,49
1992.jpg,49
1993.jpg,49
1994.jpg,49
1995.jpg,49
1996.jpg,49
1997.jpg,49
1998.jpg,49
1999.jpg,49
2000.jpg,49
2001.jpg,49
2002.jpg,49
2003.jpg,49
2004.jpg,49
2005.jpg,49
2006.jpg,49
2007.jpg,49
2008.jpg,49
2009.jpg,49
2010.jpg,49
2011.jpg,49
2012.jpg,49
2013.jpg,49
2014.jpg,49
2015.jpg,49
2016.jpg,49
2017.jpg,49
2018.jpg,49
2019.jpg,49
2020.jpg,49
2021.jpg,49
2022.jpg,49
2023.jpg,49
2024.jpg,49
2025.jpg,49
2026.jpg,49
2027.jpg,49
2028.jpg,49
2029.jpg,49
2030.jpg,49
2031.jpg,49
2032.jpg,49
2033.jpg,49
2034.jpg,49
2035.jpg,49
2036.jpg,49
2037.jpg,49
2038.jpg,49
2039.jpg,49
2040.jpg,49
2041.jpg,49
2042.jpg,49
2043.jpg,49
2044.jpg,49
2045.jpg,49
2046.jpg,49
2047.jpg,49
2048.jpg,49
2049.jpg,49
2050.jpg,49
2051.jpg,49
2052.jpg,49
2053.jpg,49
2054.jpg,49
2055.jpg,49
2056.jpg,49
2057.jpg,49
2058.jpg,49
2059.jpg,49
2060.jpg,49
2061.jpg,49
2062.jpg,49
2063.jpg,49
2064.jpg,49
2065.jpg,49
2066.jpg,49
2067.jpg,49
2068.jpg,49
2069.jpg,49
2070.jpg,49
2071.jpg,49
2072.jpg,49
2073.jpg,49
2074.jpg,49
2075.jpg,49
2076.jpg,49
2077.jpg,49
2078.jpg,49
2079.jpg,49
2080.jpg,49
2081.jpg,49
2082.jpg,49
2083.jpg,49
2084.jpg,49
2085.jpg,49
2086.jpg,49
2087.jpg,49
2088.jpg,49
2089.jpg,49
2090.jpg,49
2091.jpg,49
2092.jpg,49
2093.jpg,49
2094.jpg,49
2095.jpg,49
2096.jpg,49
2097.jpg,49
2098.jpg,49
2099.jpg,49
2100.jpg,49
2101.jpg,49
2102.jpg,49
2103.jpg,49
2104.jpg,49
2105.jpg,49
2106.jpg,49
2107.jpg,49
2108.jpg,49
2109.jpg,49
2110.jpg,49
2111.jpg,49
2112.jpg,49
2113.jpg,49
2114.jpg,49
2115.jpg,49
2116.jpg,49
2117.jpg,49
2118.jpg,49
2119.jpg,49
2120.jpg,49
2121.jpg,49
2122.jpg,49
2123.jpg,49
2124.jpg,49
2125.jpg,49
2126.jpg,49
2127.jpg,49
2128.jpg,49
2129.jpg,49
2130.jpg,49
2131.jpg,49
2132.jpg,49
2133.jpg,49
2134.jpg,49
2135.jpg,49
2136.jpg,49
2137.jpg,49
2138.jpg,49
2139.jpg,49
2140.jpg,49
2141.jpg,49
2142.jpg,49
2143.jpg,49
2144.jpg,49
2145.jpg,49
2146.jpg,49
2147.jpg,49
2148.jpg,49
2149.jpg,49
2150.jpg,49
2151.jpg,49
2152.jpg,49
2153.jpg,49
2154.jpg,49
2155.jpg,49
2156.jpg,49
2157.jpg,49
2158.jpg,49
2159.jpg,49
2160.jpg,49
2161.jpg,49
2162.jpg,49
2163.jpg,49
2164.jpg,49
2165.jpg,49
2166.jpg,49
2167.jpg,49
2168.jpg,49
2169.jpg,49
2170.jpg,49
2171.jpg,49
2172.jpg,49
2173.jpg,49
2174.jpg,49
2175.jpg,49
2176.jpg,49
2177.jpg,49
2178.jpg,49
2179.jpg,49
2180.jpg,49
2181.jpg,49
2182.jpg,49
2183.jpg,49
2184.jpg,49
2185.jpg,49
2186.jpg,49
2187.jpg,49
2188.jpg,49
2189.jpg,49
2190.jpg,49
2191.jpg,49
2192.jpg,49
2193.jpg,49
2194.jpg,49
2195.jpg,49
2196.jpg,49
2197.jpg,49
2198.jpg,49
2199.jpg,49
2200.jpg,49
2201.jpg,49
2202.jpg,49
2203.jpg,49
2204.jpg,49
2205.jpg,49
2206.jpg,49
2207.jpg,49
2208.jpg,49
2209.jpg,49
2210.jpg,49
2211.jpg,49
2212.jpg,49
2213.jpg,49
2214.jpg,49
2215.jpg,49
2216.jpg,49
2217.jpg,49
2218.jpg,49
2219.jpg,49
2220.jpg,49
2221.jpg,49
2222.jpg,49
2223.jpg,49
2224.jpg,49
2225.jpg,49
2226.jpg,49
2227.jpg,49
2228.jpg,49
2229.jpg,49
2230.jpg,49
2231.jpg,49
2232.jpg,49
2233.jpg,49
2234.jpg,49
2235.jpg,49
2236.jpg,49
2237.jpg,49
2238.jpg,49
2239.jpg,49
2240.jpg,49
2241.jpg,49
2242.jpg,49
2243.jpg,49
2244.jpg,49
2245.jpg,49
2246.jpg,49
2247.jpg,49
2248.jpg,49
2249.jpg,49
2250.jpg,49
2251.jpg,49
2252.jpg,49
2253.jpg,49
2254.jpg,49
2255.jpg,49
2256.jpg,49
2257.jpg,49
2258.jpg,49
2259.jpg,49
2260.jpg,49
2261.jpg,49
2262.jpg,49
2263.jpg,49
2264.jpg,49
2265.jpg,49
2266.jpg,49
2267.jpg,49
2268.jpg,49
2269.jpg,49
2270.jpg,49
2271.jpg,49
2272.jpg,49
2273.jpg,49
2274.jpg,49
2275.jpg,49
2276.jpg,49
2277.jpg,49
2278.jpg,49
2279.jpg,49
2280.jpg,49
2281.jpg,49
2282.jpg,49
2283.jpg,49
2284.jpg,49
2285.jpg,49
2286.jpg,49
2287.jpg,49
2288.jpg,49
2289.jpg,49
2290.jpg,49
2291.jpg,49
2292.jpg,49
2293.jpg,49
2294.jpg,49
2295.jpg,49
2296.jpg,49
2297.jpg,49
2298.jpg,49
2299.jpg,49
2300.jpg,49
2301.jpg,49
2302.jpg,49
2303.jpg,49
2304.jpg,49
2305.jpg,49
2306.jpg,49
2307.jpg,49
2308.jpg,49
2309.jpg,49
2310.jpg,49
2311.jpg,49
2312.jpg,49
2313.jpg,49
2314.jpg,49
2315.jpg,49
2316.jpg,49
2317.jpg,49
2318.jpg,49
2319.jpg,49
2320.jpg,49
2321.jpg,49
2322.jpg,49
2323.jpg,49
2324.jpg,49
2325.jpg,49
2326.jpg,49
2327.jpg,49
2328.jpg,49
2329.jpg,49
2330.jpg,49
2331.jpg,49
2332.jpg,49
2333.jpg,49
2334.jpg,49
2335.jpg,49
2336.jpg,49
2337.jpg,49
2338.jpg,49
2339.jpg,49
2340.jpg,49
2341.jpg,49
2342.jpg,49
2343.jpg,49
2344.jpg,49
2345.jpg,49
2346.jpg,49
2347.jpg,49
2348.jpg,49
2349.jpg,49
2350.jpg,49
2351.jpg,49
2352.jpg,49
2353.jpg,49
2354.jpg,49
2355.jpg,49
2356.jpg,49
2357.jpg,49
2358.jpg,49
2359.jpg,49
2360.jpg,49
2361.jpg,49
2362.jpg,49
2363.jpg,49
2364.jpg,49
2365.jpg,49
2366.jpg,49
2367.jpg,49
2368.jpg,49
2369.jpg,49
2370.jpg,49
2371.jpg,49
2372.jpg,49
2373.jpg,49
2374.jpg,49
2375.jpg,49
2376.jpg,49
2377.jpg,49
2378.jpg,49
2379.jpg,49
2380.jpg,49
2381.jpg,49
2382.jpg,49
2383.jpg,49
2384.jpg,49
2385.jpg,49
2386.jpg,49
2387.jpg,49
2388.jpg,49
2389.jpg,49
2390.jpg,49
2391.jpg,49
2392.jpg,49
2393.jpg,49
2394.jpg,49
2395.jpg,49
2396.jpg,49
2397.jpg,49
2398.jpg,49
2399.jpg,49
2400.jpg,49
2401.jpg,49
2402.jpg,49
2403.jpg,49
2404.jpg,49
2405.jpg,49
2406.jpg,49
2407.jpg,49
2408.jpg,49
2409.jpg,49
2410.jpg,49
2411.jpg,49
2412.jpg,49
2413.jpg,49
2414.jpg,49
2415.jpg,49
2416.jpg,49
2417.jpg,49
2418.jpg,49
2419.jpg,49
2420.jpg,49
2421.jpg,49
2422.jpg,49
2423.jpg,49
2424.jpg,49
2425.jpg,49
2426.jpg,49
2427.jpg,49
2428.jpg,49
2429.jpg,49
2430.jpg,49
2431.jpg,49
2432.jpg,49
2433.jpg,49
2434.jpg,49
2435.jpg,49
2436.jpg,49
2437.jpg,49
2438.jpg,49
2439.jpg,49
2440.jpg,49
2441.jpg,49
2442.jpg,49
2443.jpg,49
2444.jpg,49
2445.jpg,49
2446.jpg,49
2447.jpg,49
2448.jpg,49
2449.jpg,49
2450.jpg,49
2451.jpg,49
2452.jpg,49
2453.jpg,49
2454.jpg,49
2455.jpg,49
2456.jpg,49
2457.jpg,49
2458.jpg,49
2459.jpg,49
2460.jpg,49
2461.jpg,49
2462.jpg,49
2463.jpg,49
2464.jpg,49
2465.jpg,49
2466.jpg,49
2467.jpg,49
2468.jpg,49
2469.jpg,49
2470.jpg,49
2471.jpg,49
2472.jpg,49
2473.jpg,49
2474.jpg,49
2475.jpg,49
2476.jpg,49
2477.jpg,49
2478.jpg,49
2479.jpg,49
2480.jpg,49
2481.jpg,49
2482.jpg,49
2483.jpg,49
2484.jpg,49
2485.jpg,49
2486.jpg,49
2487.jpg,49
2488.jpg,49
2489.jpg,49
2490.jpg,49
2491.jpg,49
2492.jpg,49
2493.jpg,49
2494.jpg,49
2495.jpg,49
2496.jpg,49
2497.jpg,49
2498.jpg,49
2499.jpg,49
